App,Percent of Plays
Spotify,0.8857142857142857
Anchor,0.08571428571428572
Apple Podcasts,0.02857142857142857
